feature	metadata	value	coef	stderr	N	N.not.0	pval	qval
Actinobacteriota	Country	NO	-2.12877712479338	0.272884035752516	143	143	1.2812270011763e-12	2.5624540023526e-11
Cyanobacteria	Group	pre_ltx	-2.367951108429	0.459395584978483	143	48	8.49695250142756e-07	5.6646350009517e-06
Desulfobacterota	Group	pre_ltx	-2.36975570377528	0.457767228700125	143	103	7.6883205164354e-07	5.6646350009517e-06
Patescibacteria	Country	NO	-0.6375063800266	0.1984456129959	143	27	0.00163296764501029	0.00653187058004117
Proteobacteria	Country	NO	1.09410060913306	0.338248873058183	143	143	0.00151985230681514	0.00653187058004117
Bacteroidota	Group	pre_ltx	-0.693052694246112	0.282858738758574	143	141	0.0155124578943022	0.0389156369642547
Cyanobacteria	Country	NO	1.18048183217436	0.464328588135136	143	48	0.0120990623096407	0.0389156369642547
Patescibacteria	Group	pre_ltx	-0.480804786351042	0.196337336959604	143	27	0.0155662547857019	0.0389156369642547
