"","alpha","lambda","auc","auc_czech","auc_no","auc_optimism_corrected","auc_optimism_corrected_CIL","auc_optimism_corrected_CIU","accuracy","accuracy_czech","accuracy_no","accuracy_optimism_corrected","accuracy_optimism_corrected_CIL","accuracy_optimism_corrected_CIU"
"pre_ltx vs healthy ASV colon",0.2,0.0772699606000516,1,1,NA,0.924876014746336,0.83593690107622,0.97978125,1,NA,NA,0.877790184160995,0.799429785330948,0.957796296296296
"pre_ltx vs post_ltx ASV colon",1,0.007559533253906,1,1,NA,0.845603174059763,0.732635524798155,0.914518784234341,1,NA,NA,0.840254112497755,0.781520562770563,0.897722491058279
"post_ltx vs healthy ASV colon",0.4,0.00801533722713607,1,1,NA,0.976476725180874,0.958769096057828,0.990150127789741,1,NA,NA,0.921683460253766,0.866156634960237,0.969726502898993
"pre_ltx vs healthy genus colon",1,0.013696072282412,1,1,NA,0.940536118125315,0.90046278379773,0.989306818181818,1,NA,NA,0.849374244723941,0.769725158562368,0.939636752136752
"pre_ltx vs post_ltx genus colon",0,0.0487479663407412,1,1,NA,0.754725292787473,0.542354910714286,0.839045735382761,1,NA,NA,0.817163320754862,0.764290697674419,0.856510416666667
"post_ltx vs healthy genus colon",0.2,0.00352281987855667,1,1,NA,0.973149641730508,0.956685104999366,0.986932098765432,1,NA,NA,0.917588250583569,0.881065634218289,0.948310810810811
