feature	metadata	value	coef	stderr	N	N.not.0	pval	qval
Actinobacteriota	Country	NO	-3.45828453281822	0.316339643541397	350	344	6.05810861873095e-21	1.21162172374619e-19
Patescibacteria	Country	NO	-1.08110305325598	0.227603037451285	350	62	5.48174547932887e-06	5.48174547932887e-05
Desulfobacterota	Group	rPSC	-2.27801529933776	0.689837823464216	350	197	0.001189397175433	0.00792931450288668
Firmicutes	Group	rPSC	-0.286183828536206	0.0986979193946993	350	350	0.00428174002447705	0.0214087001223853
Proteobacteria	Group	rPSC	0.849733131737511	0.300798710850063	350	350	0.00535412329086696	0.0214164931634678
Proteobacteria	Country	NO	0.740860955651286	0.274124299273266	350	350	0.00765742882082421	0.0255247627360807
