"","alpha","lambda","auc","auc_czech","auc_no","auc_optimism_corrected","auc_optimism_corrected_CIL","auc_optimism_corrected_CIU","accuracy","accuracy_czech","accuracy_no","accuracy_optimism_corrected","accuracy_optimism_corrected_CIL","accuracy_optimism_corrected_CIU"
"no_ibd vs ibd ASV colon",0.2,0.0269203985006188,1,1,1,0.584785403913182,0.468853173680539,0.67710324102252,0.997032640949555,NA,0.995951417004049,0.787062135270921,0.732574996651935,0.846555118110236
"no_ibd vs ibd genus colon",0,0.0511374996698822,0.99741935483871,0.99039780521262,0.998832911884847,0.534772264779597,0.371361486486486,0.677472756885724,0.964391691394659,NA,0.967611336032389,0.734497398190124,0.638009031198686,0.814517601043025
