"","alpha","lambda","auc","auc_czech","auc_no","auc_optimism_corrected","auc_optimism_corrected_CIL","auc_optimism_corrected_CIU","accuracy","accuracy_czech","accuracy_no","accuracy_optimism_corrected","accuracy_optimism_corrected_CIL","accuracy_optimism_corrected_CIU"
"ibd vs no_ibd ASV terminal_ileum",0,149.361853465838,0.951867816091954,0.958139534883721,0.944214876033058,0.417872157359823,0.0417857142857143,0.617043740573152,0.844660194174757,NA,0.8,0.84848480600005,0.756811846689895,0.931230158730159
"no_ibd vs ibd genus terminal_ileum",1,0.116903751287836,0.699712643678161,0.558139534883721,0.763429752066116,0.581918752651099,0.304247967479675,0.804108974358974,0.844660194174757,NA,0.8,0.830660421887823,0.736842105263158,0.917849099099099
