feature	metadata	value	coef	stderr	N	N.not.0	pval	qval
Actinobacteriota	Country	NO	-2.85658092675029	0.328575433673793	106	106	5.84906039291346e-14	1.28679328644096e-12
Desulfobacterota	Group	healthy	2.33190646927609	0.518241695958419	106	84	1.79411582551742e-05	0.000197352740806917
Cyanobacteria	Group	healthy	2.18636775327148	0.596950036822924	106	42	0.000396302718564316	0.00290621993613832
Bacteroidota	Group	healthy	1.51974965041537	0.433179336182356	106	104	0.000669819687848633	0.00368400828316748
Patescibacteria	Country	NO	-0.928497428396004	0.303797408586808	106	27	0.0028541551587185	0.0125582826983614
Fusobacteriota	Group	healthy	-1.80448462786867	0.669555804921997	106	42	0.00822035003672117	0.0258353858296951
Proteobacteria	Group	healthy	-0.931241862525547	0.339618517838256	106	106	0.00720154654811364	0.0258353858296951
