"","alpha","lambda","auc","auc_czech","auc_no","auc_optimism_corrected","auc_optimism_corrected_CIL","auc_optimism_corrected_CIU","accuracy","accuracy_czech","accuracy_no","accuracy_optimism_corrected","accuracy_optimism_corrected_CIL","accuracy_optimism_corrected_CIU"
"rPSC vs non-rPSC genus colon",0,0.0355055309375688,0.997071806302172,0.994953416149068,1,0.628397901066954,0.494850883256528,0.760098697598698,0.985714285714286,NA,0.985815602836879,0.709886838258487,0.619320143884892,0.80479242979243
"rPSC vs non-rPSC subset genus colon",0.8,0.0332167169870832,0.833442594292207,0.783126293995859,0.923831070889894,0.659749408173406,0.498976156607736,0.790072409210126,0.797142857142857,NA,0.822695035460993,0.738778068353449,0.631778947368421,0.828937282229965
