feature	metadata	value	coef	stderr	N	N.not.0	pval	qval
Actinobacteriota	Country	NO	-2.71242585980258	0.353751178698057	337	333	2.33321447814833e-12	4.66642895629666e-11
Verrucomicrobiota	Group	ibd	-2.42318978050273	0.765506343387686	337	138	0.00178768953907013	0.0178768953907013
Cyanobacteria	Group	ibd	-1.24959510358139	0.449343299659895	337	39	0.00606945853815818	0.0404630569210546
