feature	metadata	value	coef	stderr	N	N.not.0	pval	qval
Proteobacteria	Group	post_ltx	1.3547126822802	0.332019577376008	349	349	7.83528845110225e-05	0.00062682307608818
Firmicutes	Group	post_ltx	-0.259018158269774	0.0931917205142994	349	349	0.00625566902788396	0.0250226761115358
Fusobacteriota	Group	post_ltx	1.0307491103431	0.484807428673675	349	122	0.0353990083259854	0.0943973555359611
Actinobacteriota	Group	post_ltx	-0.601371460394342	0.384982351836302	349	341	0.120723695508438	0.241447391016876
Bacteroidota	Group	post_ltx	-0.635207387699056	0.476811017386076	349	339	0.185136879199627	0.296219006719403
Cyanobacteria	Group	post_ltx	0.491468808727898	0.460042972928257	349	54	0.287360583540004	0.383147444720005
Desulfobacterota	Group	post_ltx	-0.476795786817089	0.663136223183414	349	167	0.473437833336782	0.541071809527751
Verrucomicrobiota	Group	post_ltx	-0.0479695459467926	0.76715841063817	349	151	0.950238311485003	0.950238311485003
