feature	metadata	value	coef	stderr	N	N.not.0	pval	qval
Proteobacteria	Group	post_ltx	1.3547126822802	0.332019577376008	349	349	7.83528845110225e-05	0.00062682307608818
Firmicutes	Group	post_ltx	-0.259018158269774	0.0931917205142994	349	349	0.00625566902788396	0.0250226761115358
