"","alpha","lambda","auc","auc_czech","auc_no","auc_optimism_corrected","auc_optimism_corrected_CIL","auc_optimism_corrected_CIU","accuracy","accuracy_czech","accuracy_no","accuracy_optimism_corrected","accuracy_optimism_corrected_CIL","accuracy_optimism_corrected_CIU"
"pre_ltx vs healthy ASV terminal_ileum",0.4,0.0256910008899671,1,1,1,0.956591474813596,0.92568462962963,0.990226014543748,1,NA,1,0.886227429386231,0.836501210653753,0.938577097505669
"pre_ltx vs post_ltx ASV terminal_ileum",0.2,0.129232751813871,0.996790890269151,0.997957516339869,0.996980676328502,0.873711790886181,0.81728078817734,0.922885959939531,0.927884615384615,NA,0.951219512195122,0.832042914398344,0.780016891891892,0.885410159460792
"post_ltx vs healthy ASV terminal_ileum",0.2,0.0479970106836323,1,1,1,0.95028294641813,0.90130423210008,0.970570234113712,1,NA,1,0.880509155708083,0.824025974025974,0.927729374110953
"pre_ltx vs healthy genus terminal_ileum",0.2,0.0398444834950226,1,1,1,0.976764122203491,0.960316332972583,0.994722985347985,1,NA,1,0.920436010739108,0.882142857142857,0.945982142857143
"pre_ltx vs post_ltx genus terminal_ileum",0,0.667401162895864,0.972670807453416,0.961601307189543,0.980072463768116,0.841120999427397,0.764801589948325,0.895373467112598,0.865384615384615,NA,0.878048780487805,0.789488895401454,0.724783834586466,0.852764012303486
"post_ltx vs healthy genus terminal_ileum",0,0.0709772218577769,1,1,1,0.945385064408005,0.923994176387984,0.969145299145299,1,NA,1,0.875473627217446,0.841797385620915,0.900214925919151
