"","alpha","lambda","auc","auc_czech","auc_no","auc_optimism_corrected","auc_optimism_corrected_CIL","auc_optimism_corrected_CIU","accuracy","accuracy_czech","accuracy_no","accuracy_optimism_corrected","accuracy_optimism_corrected_CIL","accuracy_optimism_corrected_CIU"
"pre_ltx vs healthy ASV colon",0.8,0.0841603338718068,0.5,0.5,0.5,0.478126454875418,0.428365123079015,0.552743887373498,0.608272506082725,NA,0.60948905109489,0.559012592375409,0.521421052631579,0.599476773226773
"pre_ltx vs post_ltx ASV colon",0,67.4876631017311,0.67410888252149,0.731325539924708,0.646595271772075,0.482153247192155,0.430969085787724,0.526245730543804,0.582637729549249,NA,0.578796561604584,0.555266215058986,0.506898218620151,0.611488151658768
"post_ltx vs healthy ASV colon",0,51.8414603313752,0.760273363113777,0.792963115598599,0.718441503885738,0.494540395240551,0.455347326456484,0.555861378205128,0.684313725490196,NA,0.666666666666667,0.67056563733719,0.624566028552888,0.704118217054264
"pre_ltx vs healthy genus colon",0.8,0.0705643612986001,0.5,0.5,0.5,0.452844035381516,0.395514089530943,0.49948652544417,0.608272506082725,NA,0.602189781021898,0.573377841658902,0.524823491655969,0.622271759697256
"pre_ltx vs post_ltx genus colon",0.8,0.0732471402418645,0.5,0.5,0.5,0.493338323309394,0.473314905475635,0.524153899104843,0.583333333333333,NA,0.564469914040115,0.560839923549159,0.496083916083916,0.604656130562755
"post_ltx vs healthy genus colon",0,62.4494689267773,0.72511091393079,0.740998170891037,0.700411522633745,0.471475869001736,0.407101697061803,0.539577503193325,0.684931506849315,NA,0.652173913043478,0.67086646633123,0.608617021276596,0.73112684827388
