"","alpha","lambda","auc","auc_czech","auc_no","auc_optimism_corrected","auc_optimism_corrected_CIL","auc_optimism_corrected_CIU","accuracy","accuracy_czech","accuracy_no","accuracy_optimism_corrected","accuracy_optimism_corrected_CIL","accuracy_optimism_corrected_CIU"
"pre_ltx vs healthy genus terminal_ileum",0,122.550387854654,0.764579256360078,0.695887445887446,0.823423423423423,0.448462590004213,0.324259124496193,0.594989764733018,0.510489510489511,NA,0.548780487804878,0.45432361578902,0.339622641509434,0.574280929866036
"pre_ltx vs post_ltx genus terminal_ileum",1,0.0946154203277096,0.5,0.5,0.5,0.444022190647698,0.325934592227696,0.560595499724332,0.663461538461538,NA,0.609756097560976,0.589679122307785,0.474004723346829,0.69620253164557
"post_ltx vs healthy genus terminal_ileum",0,81.9195172349039,0.715604526503871,0.662564102564103,0.740712074303406,0.517537930725606,0.392818012365885,0.622357886904762,0.654028436018957,NA,0.527777777777778,0.601755755544408,0.513691816816817,0.700681818181818
