feature	metadata	value	coef	stderr	N	N.not.0	pval	qval
Actinobacteriota	Country	NO	-2.90695251668641	0.244247402501981	424	420	2.94894252066672e-25	5.3080965372001e-24
Proteobacteria	Country	NO	0.951114584261148	0.226798377712972	424	423	4.07679397342891e-05	0.0002529304914845
Patescibacteria	Country	NO	-0.781720565739598	0.186315377921317	424	71	4.21550819140833e-05	0.0002529304914845
Fusobacteriota	Group	non-rPSC	1.56554767093706	0.453445506860884	424	171	0.000669937041878247	0.00301471668845211
Desulfobacterota	Group	non-rPSC	-1.23805264731863	0.415555668286339	424	317	0.0032273015642946	0.0116182856314606
Proteobacteria	Group	non-rPSC	0.640400411786958	0.219743629758041	424	423	0.00395390428680366	0.011861712860411
Bacteroidota	Group	non-rPSC	-0.689340677786858	0.249481926010572	424	419	0.00623554821054094	0.0140299834737171
Verrucomicrobiota	Group	non-rPSC	-1.55956937844477	0.557890136647073	424	194	0.00566354253882238	0.0140299834737171
