feature	metadata	value	coef	stderr	N	N.not.0	pval	qval
Cyanobacteria	Group	pre_ltx	-3.46222930439491	0.562589795034154	274	67	1.1124961076938e-08	8.89996886155041e-08
Desulfobacterota	Group	pre_ltx	-2.17973259574932	0.664007525111626	274	167	0.00135527800141727	0.00542111200566907
Proteobacteria	Group	pre_ltx	-0.577729355037317	0.319905920188283	274	274	0.0734319933580806	0.195818648954881
Verrucomicrobiota	Group	pre_ltx	-1.34108523676944	0.856942031941829	274	132	0.12030816778806	0.24061633557612
Actinobacteriota	Group	pre_ltx	-0.380180167608551	0.393580208925052	274	272	0.33605981983258	0.440199646892002
Firmicutes	Group	pre_ltx	-0.0781383701926069	0.0741314076268895	274	274	0.293986311098161	0.440199646892002
Fusobacteriota	Group	pre_ltx	-0.456876824400199	0.524156625179155	274	86	0.385174691030502	0.440199646892002
Bacteroidota	Group	pre_ltx	-0.263781685601719	0.351260962870633	274	271	0.454170757422447	0.454170757422447
