feature	metadata	value	coef	stderr	N	N.not.0	pval	qval
Cyanobacteria	Group	pre_ltx	-3.46222930439491	0.562589795034154	274	67	1.1124961076938e-08	8.89996886155041e-08
Desulfobacterota	Group	pre_ltx	-2.17973259574932	0.664007525111626	274	167	0.00135527800141727	0.00542111200566907
