feature	metadata	value	coef	stderr	N	N.not.0	pval	qval
Actinobacteriota	Country	NO	-3.05249472465356	0.266467941771557	211	209	7.13047550602239e-24	1.42609510120448e-22
Cyanobacteria	Group	post_ltx	-1.64018439343715	0.420661968027836	211	68	0.000130281739558676	0.000868544930391176
Desulfobacterota	Group	post_ltx	-1.89041325130632	0.473903117167452	211	150	9.18881948408662e-05	0.000868544930391176
Patescibacteria	Country	NO	-0.96176240818814	0.25668443679381	211	55	0.000231910263289905	0.00115955131644953
Proteobacteria	Country	NO	0.78629630287559	0.235439297775762	211	211	0.000993925237185773	0.00397570094874309
Proteobacteria	Group	post_ltx	0.761646790614321	0.234666787930138	211	211	0.00136565412943928	0.00455218043146428
Fusobacteriota	Group	post_ltx	1.52992088004406	0.517907306269288	211	99	0.00349755841519542	0.00999302404341549
Campylobacterota	Group	post_ltx	0.671608720927945	0.237173915936011	211	37	0.00508467927878561	0.012711698196964
Bacteroidota	Group	post_ltx	-0.689438223659165	0.296001489161723	211	209	0.0208096014928086	0.046243558872908
