"","alpha","lambda","auc","auc_czech","auc_no","auc_optimism_corrected","auc_optimism_corrected_CIL","auc_optimism_corrected_CIU","accuracy","accuracy_czech","accuracy_no","accuracy_optimism_corrected","accuracy_optimism_corrected_CIL","accuracy_optimism_corrected_CIU"
"pre_ltx vs healthy ASV colon",0.6,0.00641871453546212,1,NA,1,0.899803944319077,0.862554451817775,0.954837039755684,1,NA,1,0.854825924197554,0.76318535188216,0.909881422924901
"pre_ltx vs post_ltx ASV colon",0.4,0.00232149708541238,1,NA,1,0.776893741962651,0.722118097513276,0.835243907327241,1,NA,1,0.720985227240134,0.67559731209557,0.782035467671061
"post_ltx vs healthy ASV colon",0.4,0.00918183330357172,1,NA,1,0.91289229323754,0.726281374618813,0.996938775510204,1,NA,1,0.8651695921832,0.665824048770233,0.985714285714286
"pre_ltx vs healthy genus colon",1,0.00200249616958621,1,NA,1,0.918147368552425,0.823164580725907,0.981671661702656,1,NA,1,0.868167966644325,0.761413156797331,0.946536833676504
"pre_ltx vs post_ltx genus colon",0.4,0.00466884694282536,1,NA,1,0.728272793072229,0.606041178544387,0.851238090387295,1,NA,1,0.677408263978479,0.573703774304232,0.775617054263566
"post_ltx vs healthy genus colon",0.2,0.000513118073126778,1,NA,1,0.932501054414275,0.818249509636705,0.99616247582205,1,NA,1,0.858746243042086,0.71325831702544,0.970149253731343
