feature	metadata	value	coef	stderr	N	N.not.0	pval	qval
Actinobacteriota	Country	NO	-2.38876959415061	0.275797003197441	411	409	1.61911633380128e-15	2.59058613408204e-14
Cyanobacteria	Group	pre_ltx	-2.71364416873045	0.461208594658693	411	106	1.73607830178179e-08	1.38886264142544e-07
Desulfobacterota	Group	pre_ltx	-2.69867433344732	0.468840515970759	411	271	3.27535401935037e-08	1.74685547698686e-07
Proteobacteria	Country	NO	1.00141414807993	0.297943671251014	411	408	0.000932136528227979	0.00372854611291192
Bacteroidota	Group	pre_ltx	-0.922219795782542	0.302013197631761	411	405	0.00257937463401006	0.0082539988288322
Proteobacteria	Group	pre_ltx	-0.71084052189414	0.292637141820864	411	408	0.0160375242561226	0.0427667313496603
